{
    "num_leaves": 227,
    "learning_rate": 0.07701724900556504,
    "n_estimators": 943,
    "max_depth": 9,
    "min_child_weight": 5.63583349237318,
    "subsample": 0.6017475486818016,
    "colsample_bytree": 0.3136228504130327,
    "objective": "binary",
    "metric": "binary_error",
    "boosting_type": "gbdt",
    "verbose": -1,
    "verbose_eval": false
}
