{
    "catboost": {
        "accuracy": 0.8791208791208791,
        "roc_auc": 0.9311891891891892,
        "f1_score": 0.8674698795180723,
        "mse": 0.10454457289184921,
        "precision": 0.8709677419354839,
        "recall": 0.864,
        "specificity": 0.8918918918918919
    },
    "xgboost": {
        "accuracy": 0.8644688644688645,
        "roc_auc": 0.9202162162162162,
        "f1_score": 0.8514056224899599,
        "mse": 0.1120826908077335,
        "precision": 0.8548387096774194,
        "recall": 0.848,
        "specificity": 0.8783783783783784
    },
    "lgbm": {
        "accuracy": 0.8791208791208791,
        "roc_auc": 0.9150270270270269,
        "f1_score": 0.8674698795180723,
        "mse": 0.11291421876108552,
        "precision": 0.8709677419354839,
        "recall": 0.864,
        "specificity": 0.8918918918918919
    },
    "rf": {
        "accuracy": 0.8388278388278388,
        "roc_auc": 0.9096756756756756,
        "f1_score": 0.8294573643410853,
        "mse": 0.13326550716438734,
        "precision": 0.8045112781954887,
        "recall": 0.856,
        "specificity": 0.8243243243243243
    },
    "svm": {
        "accuracy": 0.8168498168498168,
        "roc_auc": 0.8985405405405406,
        "f1_score": 0.8031496062992126,
        "mse": 0.1295556768917007,
        "precision": 0.7906976744186046,
        "recall": 0.816,
        "specificity": 0.8175675675675675
    },
    "lr": {
        "accuracy": 0.8131868131868132,
        "roc_auc": 0.8922162162162163,
        "f1_score": 0.7935222672064778,
        "mse": 0.13456777502958478,
        "precision": 0.8032786885245902,
        "recall": 0.784,
        "specificity": 0.8378378378378378
    }
}